id,first_name,last_name,email,telephone,company
1,Tony,Dykes,tdykes0@umn.edu,345-840-9409,C
2,Cly,Walkden,cwalkden1@edublogs.org,920-836-7523,L
3,Enriqueta,Duchant,educhant2@washington.edu,261-327-5545,F
4,Garnet,Ricardot,gricardot3@archive.org,475-487-4002,H
5,Cristie,Meagher,cmeagher4@wikipedia.org,965-628-7656,C
6,Cele,Janovsky,cjanovsky5@umn.edu,219-407-5163,L
7,Deana,Cargon,dcargon6@wiley.com,519-774-8443,C
8,Ricard,Southcott,,901-220-7448,E
9,Astra,Telega,atelega8@reverbnation.com,498-670-2363,H
10,Moses,Elies,melies9@de.vu,,L
11,Claudie,Wiskar,cwiskara@posterous.com,294-877-9729,D
12,Erminie,Nano,enanob@time.com,118-157-0165,H
13,Neal,Pruce,nprucec@abc.net.au,,J
14,Odette,Rockall,orockalld@squidoo.com,,J
15,Joanna,Garlinge,jgarlingee@cyberchimps.com,751-121-3952,A
16,Alexis,Ord,aordf@parallels.com,242-278-3107,F
17,Gillan,Bailes,gbailesg@goo.gl,897-948-3257,A
18,Breena,Lghan,,951-570-2875,L
19,Arda,McPharlain,amcpharlaini@spotify.com,810-553-8895,F
20,Amalea,End,aendj@apache.org,862-691-0285,K
21,Pattin,Dowers,,303-400-6373,I
22,Brion,Jorat,bjoratl@timesonline.co.uk,322-316-0424,I
23,Pammy,Seeney,pseeneym@ocn.ne.jp,651-914-5269,J
24,Aaren,Swindells,aswindellsn@ucla.edu,684-881-8270,E
25,Humberto,Fattorini,hfattorinio@state.gov,234-456-8075,B
26,Callida,Rudeforth,crudeforthp@prnewswire.com,281-758-0840,B
27,Nelie,Skippen,nskippenq@phoca.cz,242-766-4205,H
28,Floria,aManger,famangerr@discovery.com,165-769-1089,C
29,Tedra,Ovendale,,609-660-4899,B
30,Wainwright,Skeeles,wskeelest@privacy.gov.au,893-995-2032,H
31,Brigid,Jennaway,bjennawayu@cpanel.net,629-777-3996,D
32,Ophelie,Husher,ohusherv@archive.org,362-494-7655,E
33,Gussi,Vannucci,gvannucciw@geocities.jp,,B
34,Illa,Dyte,,845-515-9227,L
35,Linc,Trippick,ltrippicky@hhs.gov,223-588-5109,E
36,Edan,Goodhall,egoodhallz@pbs.org,645-112-6262,F
37,Tommie,Cannop,tcannop10@hc360.com,795-795-4840,A
38,Prisca,Hotson,photson11@prnewswire.com,,B
39,Cristin,Haker,chaker12@github.com,206-120-0406,C
40,Chico,Heers,cheers13@wisc.edu,296-352-4096,J
41,Walt,McCoveney,wmccoveney14@indiegogo.com,988-491-2780,C
42,Barbey,Spandley,bspandley15@hp.com,501-950-2495,K
43,Dale,Syseland,dsyseland16@businessinsider.com,920-930-3858,C
44,Blondell,Bernardinelli,bbernardinelli17@a8.net,837-985-4795,L
45,Lannie,Yakuntzov,,706-214-1978,B
46,Clemmie,Wickersham,cwickersham19@topsy.com,169-878-7623,L
47,Denny,Morot,dmorot1a@cyberchimps.com,834-164-6227,K
48,Phil,Impey,pimpey1b@ebay.com,834-387-0111,A
49,Jessamine,Forrest,jforrest1c@state.tx.us,253-194-2629,H
50,Addie,Sartin,asartin1d@reference.com,533-281-5435,C
51,Sterling,Glader,sglader1e@redcross.org,931-592-2663,A
52,Amandi,Desbrow,adesbrow1f@accuweather.com,618-478-3329,K
53,Garwood,Sawdon,,533-475-5737,A
54,Amalee,Noirel,anoirel1h@joomla.org,623-591-5952,C
55,Kristal,Fewless,kfewless1i@usda.gov,867-907-4688,H
56,Karola,Pook,kpook1j@ocn.ne.jp,,F
57,Jeannie,Cunney,jcunney1k@studiopress.com,437-356-7430,I
58,Maury,Matches,mmatches1l@nydailynews.com,824-979-5358,B
59,Barb,Victoria,bvictoria1m@1und1.de,724-830-3644,K
60,Rennie,Tollit,rtollit1n@sohu.com,396-522-6557,H
61,Elvis,Maling,emaling1o@unc.edu,637-231-3742,G
62,Lizzy,MacTrusty,lmactrusty1p@123-reg.co.uk,254-136-0323,D
63,Evy,Stangoe,estangoe1q@digg.com,,D
64,Shell,Weildish,sweildish1r@home.pl,907-958-3463,H
65,Amandie,Motten,amotten1s@usatoday.com,823-658-9463,K
66,Dulciana,Mosley,dmosley1t@state.tx.us,273-250-1294,L
67,Mannie,Gibb,mgibb1u@umich.edu,,B
68,Jennine,Hillatt,jhillatt1v@dion.ne.jp,353-912-2174,H
69,Brew,Lound,blound1w@taobao.com,443-434-5900,D
70,Evelyn,Overstone,eoverstone1x@forbes.com,231-882-4304,J
71,Dori,Klossek,dklossek1y@amazon.co.jp,404-458-0045,F
72,Amandie,Garci,agarci1z@mashable.com,519-311-0099,C
73,Graehme,Carcas,gcarcas20@tmall.com,572-313-4521,G
74,Lishe,Kitteman,lkitteman21@exblog.jp,,L
75,Dion,Castella,dcastella22@plala.or.jp,573-731-6366,K
76,Jared,Hunnicot,jhunnicot23@nyu.edu,412-693-3787,K
77,Gill,Doidge,gdoidge24@geocities.com,562-379-0771,C
78,Louis,Glossup,lglossup25@aol.com,866-534-3913,J
79,Oswald,Tullot,otullot26@multiply.com,711-312-5046,B
80,Cecelia,Perse,cperse27@vistaprint.com,607-948-8625,F
81,Cornelius,Bentick,cbentick28@epa.gov,956-515-0797,E
82,Candace,Skellon,cskellon29@washingtonpost.com,438-875-2831,C
83,Iseabal,Leinweber,ileinweber2a@latimes.com,581-301-1483,B
84,Shell,Ewbanck,sewbanck2b@homestead.com,441-134-6983,B
85,Maighdiln,Balmer,mbalmer2c@umn.edu,509-193-0466,J
86,Hugo,Skerman,hskerman2d@google.fr,927-355-4594,E
87,Bernarr,Surridge,bsurridge2e@wufoo.com,871-842-8090,I
88,Dominic,Harrald,dharrald2f@toplist.cz,365-186-6753,H
89,Northrup,Stuckes,nstuckes2g@tmall.com,471-162-5335,G
90,Mariya,Overington,moverington2h@fema.gov,,A
91,Edi,Demetr,edemetr2i@friendfeed.com,914-325-3710,D
92,Kevina,Lethibridge,klethibridge2j@bloomberg.com,707-109-2089,C
93,Catherine,Coxhead,ccoxhead2k@bloglines.com,306-990-8657,K
94,Dorry,Croizier,dcroizier2l@ebay.com,704-132-1704,A
95,Marlane,Caulton,mcaulton2m@freewebs.com,,L
96,Car,Silmon,csilmon2n@rakuten.co.jp,972-340-3180,H
97,Lauralee,Shulver,lshulver2o@pbs.org,,A
98,Berti,Foulgham,bfoulgham2p@prnewswire.com,747-706-2210,G
99,Allsun,Anstice,aanstice2q@uol.com.br,527-475-6419,C
100,Lina,Boother,lboother2r@unc.edu,760-492-7852,I
